sent_id,uas,las,la,root_correct,complete_match,num_tokens,num_errors
Masakhane-Wolof_test_2,0.5384615384615384,0.38461538461538464,0.5384615384615384,False,False,13,8
Masakhane-Wolof_test_3,0.7272727272727273,0.45454545454545453,0.5909090909090909,False,False,22,12
Masakhane-Wolof_test_6,0.5909090909090909,0.45454545454545453,0.5454545454545454,True,False,22,12
